,,ObjectTemperature,,,Can change temp,,,,Breakability,,,,isUsedUp (never seems on though!),,fill with liquid,,,,cooked,,,,dirty,,,,openable,,,,movable,,,,picked up (we never have True though because of how I sampled the data),,,sliceable,,,,toggleable,,,,viz,,receptacle,,receptacle stats (#items),,receptacle stats (#parents),,,,,,,,,,,,,,,,,,,,,
ObjectType,TotalCount,ObjectTemperature=Cold,ObjectTemperature=Hot,ObjectTemperature=RoomTemp,canChangeTempToCold=False,canChangeTempToCold=True,canChangeTempToHot=False,canChangeTempToHot=True,breakable=False,breakable=True,isBroken=False,isBroken=True,canBeUsedUp=False,isUsedUp=False,canFillWithLiquid=False,canFillWithLiquid=True,isFilledWithLiquid=False,isFilledWithLiquid=True,cookable=False,cookable=True,isCooked=False,isCooked=True,dirtyable=False,dirtyable=True,isDirty=False,isDirty=True,openable=False,openable=True,isOpen=False,isOpen=True,moveable=False,moveable=True,isMoving=False,isMoving=True,pickupable=False,pickupable=True,isPickedUp=False,sliceable=False,sliceable=True,isSliced=False,isSliced=True,toggleable=False,toggleable=True,isToggled=False,isToggled=True,visible=False,visible=True,receptacle=False,receptacle=True,num_items_in_receptacle_mean,num_items_in_receptacle_std,num_parent_receptacles_mean,num_parent_receptacles_std,distance_mean,distance_std,mass_mean,mass_std,salientMaterials=Ceramic,salientMaterials=Fabric,salientMaterials=Food,salientMaterials=Glass,salientMaterials=Leather,salientMaterials=Metal,salientMaterials=None,salientMaterials=Organic,salientMaterials=Paper,salientMaterials=Plastic,salientMaterials=Rubber,salientMaterials=Soap,salientMaterials=Sponge,salientMaterials=Stone,salientMaterials=Wax,salientMaterials=Wood
AlarmClock,2941,0,0,2941,2941,0,2941,0,2941,0,2941,0,2941,2941,2941,0,2941,0,2941,0,2941,0,2941,0,2941,0,2941,0,2941,0,2941,0,2918,23,0,2941,2941,2941,0,2941,0,2941,0,2941,0,2794,147,2941,0,0,0,0.9938796328,0.2771410323,2.400837296,1.122878997,0.8,0,0,0,0,2941,0,2941,0,0,0,2941,0,0,0,0,0,0
AluminumFoil,300,0,0,300,300,0,300,0,300,0,300,0,300,300,300,0,300,0,300,0,300,0,300,0,300,0,300,0,300,0,300,0,298,2,0,300,300,300,0,300,0,300,0,300,0,300,0,300,0,0,0,0.4233333333,0.4940872617,2.867814489,0.7738460166,0.9,0,0,0,0,0,0,300,0,0,300,0,0,0,0,0,0,0
Apple,3000,618,55,2327,3000,0,3000,0,3000,0,3000,0,3000,3000,3000,0,3000,0,3000,0,3000,0,3000,0,3000,0,3000,0,3000,0,3000,0,3000,0,0,3000,3000,0,3000,501,2499,3000,0,3000,0,2992,8,3000,0,0,0,0.1706666667,0.3858404967,2.376898933,1.045908796,0.2,0,0,0,3000,0,0,0,0,0,0,0,0,0,0,0,0,0
AppleSliced,7497,2973,627,3897,7497,0,7497,0,7497,0,7497,0,7497,7497,7497,0,7497,0,7497,0,7497,0,7497,0,7497,0,7497,0,7497,0,7497,0,7370,127,0,7497,7497,7497,0,7497,0,7497,0,7497,0,7357,140,7497,0,0,0,1.013338669,0.1214964566,2.407565087,1.074536115,0.07,0,0,0,7497,0,0,0,0,0,0,0,0,0,0,0,0,0
ArmChair,4700,0,0,4700,4700,0,4700,0,4200,500,4613,87,4700,4700,4700,0,4700,0,4700,0,4700,0,4700,0,4700,0,4700,0,4700,0,100,4600,4699,1,4700,0,4700,4700,0,4700,0,4700,0,4700,0,4264,436,0,4700,0.4825531915,0.7133334038,0.9770212766,0.1498355821,3.166658921,1.38427529,27.69787234,4.083828479,0,1300,0,0,1600,2200,0,0,0,0,0,0,0,0,0,400
BaseballBat,1381,0,0,1381,1381,0,1381,0,1381,0,1381,0,1381,1381,1381,0,1381,0,1381,0,1381,0,1381,0,1381,0,1381,0,1381,0,1381,0,1356,25,0,1381,1381,1381,0,1381,0,1381,0,1381,0,1303,78,1381,0,0,0,0.9565532223,0.2038606269,2.510792263,1.111482814,0.9,0,0,0,0,0,0,781,0,0,0,400,0,0,0,0,0,200
BasketBall,1061,0,0,1061,1061,0,1061,0,1061,0,1061,0,1061,1061,1061,0,1061,0,1061,0,1061,0,1061,0,1061,0,1061,0,1061,0,1061,0,1061,0,0,1061,1061,1061,0,1061,0,1061,0,1061,0,1026,35,1061,0,0,0,0.9557021678,0.2057560067,2.443772466,0.9177375969,0.6,0,0,0,0,0,0,0,0,0,0,0,1061,0,0,0,0,0
Bathtub,2100,0,0,2100,2100,0,2100,0,2100,0,2100,0,2100,2100,2100,0,2100,0,2100,0,2100,0,2100,0,2100,0,2100,0,2100,0,2100,0,2100,0,2100,0,2100,2100,0,2100,0,2100,0,2100,0,1760,340,500,1600,0.4785714286,0.7091361997,0,0,2.17671497,0.7094161894,0,0,0,0,0,0,0,0,0,0,0,0,0,0,0,0,0,0
BathtubBasin,1900,0,0,1900,1900,0,1900,0,1900,0,1900,0,1900,1900,1900,0,1900,0,1900,0,1900,0,1900,0,1900,0,1900,0,1900,0,1900,0,1900,0,1900,0,1900,1900,0,1900,0,1900,0,1900,0,1776,124,0,1900,0.5568421053,0.582580942,0,0,2.284375083,0.6664922224,0,0,0,0,0,0,0,0,0,0,0,0,0,0,0,0,0,0
Bed,3300,0,0,3300,3300,0,3300,0,2274,1026,2701,599,3300,3300,3300,0,3300,0,3300,0,3300,0,0,3300,1652,1648,3300,0,3300,0,3300,0,3300,0,3300,0,3300,3300,0,3300,0,3300,0,3300,0,2432,868,0,3300,2.117272727,1.055665158,0,0,2.423115906,0.7794673291,0,0,0,0,0,0,0,0,0,0,0,0,0,0,0,0,0,0
Bench,2400,0,0,2400,2400,0,2400,0,2400,0,2400,0,2400,2400,2400,0,2400,0,2400,0,2400,0,2400,0,2400,0,2400,0,2400,0,2400,0,2400,0,2400,0,2400,2400,0,2400,0,2400,0,2400,0,2086,314,0,2400,0,0,0,0,2.361410034,0.8761782722,0,0,0,0,0,0,0,0,0,0,0,0,0,0,0,0,0,0
Blinds,4900,0,0,4900,4900,0,4900,0,4900,0,4900,0,4900,4900,4900,0,4900,0,4900,0,4900,0,4900,0,4900,0,0,4900,2743,2157,4900,0,4900,0,4900,0,4900,4900,0,4900,0,4900,0,4900,0,4677,223,4900,0,0,0,0,0,3.143593182,1.169706679,0,0,0,0,0,0,0,0,0,0,0,0,0,0,0,0,0,0
Book,3578,0,0,3578,3578,0,3578,0,3578,0,3578,0,3578,3578,3578,0,3578,0,3578,0,3578,0,3578,0,3578,0,0,3578,2096,1482,3578,0,3578,0,0,3578,3578,3578,0,3578,0,3578,0,3578,0,3443,135,3578,0,0,0,1.070709894,0.4179825902,2.580244056,1.289233871,0.5,0,0,0,0,0,0,0,0,0,3578,0,0,0,0,0,0,0
Boots,800,0,0,800,800,0,800,0,800,0,800,0,800,800,800,0,800,0,800,0,800,0,800,0,800,0,800,0,800,0,800,0,776,24,0,800,800,800,0,800,0,800,0,800,0,770,30,800,0,0,0,0.945,0.2279802623,3.565394941,1.698582002,0.7,0,0,0,0,0,0,0,0,0,0,800,0,0,0,0,0,0
Bottle,700,0,0,700,700,0,700,0,0,700,270,430,700,700,0,700,311,389,700,0,700,0,700,0,700,0,700,0,700,0,700,0,700,0,0,700,700,700,0,700,0,700,0,700,0,691,9,700,0,0,0,1,0,2.481183833,1.030672017,0.2,0,0,0,0,700,0,0,0,0,0,0,0,0,0,0,0,0
Bowl,4800,276,21,4503,4800,0,4800,0,1400,3400,3646,1154,4800,4800,0,4800,2575,2225,4800,0,4800,0,0,4800,2755,2045,4800,0,4800,0,4800,0,4766,34,0,4800,4800,4800,0,4800,0,4800,0,4800,0,4660,140,0,4800,0.01416666667,0.1181777146,1.083958333,0.2788237166,2.634983158,1.266790563,0.47,0,1700,0,0,1700,0,0,0,0,0,1400,0,0,0,0,0,0
Box,4195,0,0,4195,4195,0,4195,0,4195,0,4195,0,4195,4195,4195,0,4195,0,4195,0,4195,0,4195,0,4195,0,0,4195,1847,2348,4195,0,4195,0,0,4195,4195,4195,0,4195,0,4195,0,4195,0,3960,235,0,4195,0.0147794994,0.1206692413,0.747794994,0.4895005125,2.733668232,1.366969613,0.3,0,0,0,0,0,0,0,0,0,4195,0,0,0,0,0,0,0
Bread,5442,145,0,5297,5442,0,5442,0,5442,0,5442,0,5442,5442,5442,0,5442,0,5442,0,5442,0,5442,0,5442,0,5442,0,5442,0,5442,0,5411,31,0,5442,5442,2502,2940,3000,2442,5442,0,5442,0,5312,130,5442,0,0,0,0.5391400221,0.4984657046,2.324807925,1.126194297,0.5320837927,0.1826889731,0,0,5442,0,0,0,0,0,0,0,0,0,0,0,0,0
BreadSliced,15049,495,0,14554,15049,0,15049,0,15049,0,15049,0,15049,15049,15049,0,15049,0,0,15049,2306,12743,15049,0,15049,0,15049,0,15049,0,15049,0,14892,157,0,15049,15049,15049,0,15049,0,15049,0,15049,0,14523,526,15049,0,0,0,0.9837198485,0.1265508126,2.377740243,1.188306849,0.06246055552,0.01531473897,0,0,15049,0,0,0,0,0,0,0,0,0,0,0,0,0
ButterKnife,3000,0,0,3000,3000,0,3000,0,3000,0,3000,0,3000,3000,3000,0,3000,0,3000,0,3000,0,3000,0,3000,0,3000,0,3000,0,3000,0,2999,1,0,3000,3000,3000,0,3000,0,3000,0,3000,0,2897,103,3000,0,0,0,1.015666667,0.1241822138,2.36486717,1.165718055,0.08,0,0,0,0,0,0,3000,0,0,0,0,0,0,0,0,0,0
CD,3300,0,0,3300,3300,0,3300,0,3300,0,3300,0,3300,3300,3300,0,3300,0,3300,0,3300,0,3300,0,3300,0,3300,0,3300,0,3300,0,3288,12,0,3300,3300,3300,0,3300,0,3300,0,3300,0,3232,68,3300,0,0,0,1.204545455,0.4033690761,2.376158005,1.082271677,0.0149999987,0,0,0,0,0,0,0,0,0,0,3300,0,0,0,0,0,0
Cabinet,50626,0,0,50626,50626,0,50626,0,47055,3571,49722,904,50626,50626,50626,0,50626,0,50626,0,50626,0,50626,0,50626,0,0,50626,27827,22799,50626,0,50626,0,50626,0,50626,50626,0,50626,0,50626,0,50626,0,47559,3067,0,50626,0.2696638091,0.5566786832,0,0,2.600161809,1.170085449,0,0,0,0,0,0,0,0,0,0,0,0,0,0,0,0,0,0
Candle,3421,0,0,3421,3421,0,3421,0,3421,0,3421,0,3421,3421,3421,0,3421,0,3421,0,3421,0,3421,0,3421,0,3421,0,3421,0,3421,0,3418,3,0,3421,3421,3421,0,3421,0,0,3421,1964,1457,3300,121,3421,0,0,0,1.051446945,0.220907576,2.253782424,1.299083901,0.2,0,0,0,0,0,0,0,0,0,0,0,0,0,0,0,3421,0
CellPhone,4100,0,0,4100,4100,0,4100,0,0,4100,2440,1660,4100,4100,4100,0,4100,0,4100,0,4100,0,4100,0,4100,0,4100,0,4100,0,4100,0,4094,6,0,4100,4100,4100,0,4100,0,0,4100,2269,1831,4003,97,4100,0,0,0,1.110487805,0.31349681,2.578244153,1.240648145,0.16,0,0,0,0,4100,0,4100,0,0,0,0,0,0,0,0,0,0
Chair,12800,0,0,12800,12800,0,12800,0,12085,715,12481,319,12800,12800,12800,0,12800,0,12800,0,12800,0,12800,0,12800,0,12800,0,12800,0,200,12600,12665,135,12800,0,12800,12800,0,12800,0,12800,0,12800,0,11816,984,1300,11500,0.693203125,0.9949956294,0.943203125,0.3132127711,2.937351402,1.442966916,9.757812461,2.238673113,0,6200,0,0,0,3800,0,0,0,1300,0,0,0,0,0,8400
Cloth,3284,0,0,3284,3284,0,3284,0,3284,0,3284,0,3284,3284,3284,0,3284,0,3284,0,3284,0,0,3284,2134,1150,3284,0,3284,0,3284,0,3255,29,0,3284,3284,3284,0,3284,0,3284,0,3284,0,3171,113,3284,0,0,0,0.9202192448,0.370624059,2.030054821,0.6971417647,0.045,0,0,3284,0,0,0,0,0,0,0,0,0,0,0,0,0,0
CoffeeMachine,3000,0,0,3000,3000,0,0,3000,1329,1671,2738,262,3000,3000,3000,0,3000,0,3000,0,3000,0,3000,0,3000,0,3000,0,3000,0,0,3000,2951,49,3000,0,3000,3000,0,3000,0,0,3000,1723,1277,2884,116,0,3000,0.557,0.4967403748,0.9666666667,0.1795054936,2.739846961,1.172477115,5,0,0,0,0,0,0,0,0,0,0,3000,0,0,0,0,0,0
CoffeeTable,2900,0,0,2900,2900,0,2900,0,902,1998,2590,310,2900,2900,2900,0,2900,0,2900,0,2900,0,2900,0,2900,0,2900,0,2900,0,0,2900,2843,57,2900,0,2900,2900,0,2900,0,2900,0,2900,0,2546,354,0,2900,2.146206897,1.250931829,1.168965517,0.465057244,2.737685305,1.40115073,11.06896548,0.3649310329,0,0,0,600,0,600,0,0,0,0,0,0,0,0,0,2600
CounterTop,10040,0,1097,8943,10040,0,10040,0,8389,1651,9246,794,10040,10040,10040,0,10040,0,10040,0,10040,0,10040,0,10040,0,10040,0,10040,0,10040,0,10040,0,10040,0,10040,10040,0,10040,0,10040,0,10040,0,8400,1640,0,10040,5.410756972,5.434892052,0,0,2.259779146,1.0372067,0,0,0,0,0,0,0,0,0,0,0,0,0,0,0,0,0,0
CreditCard,6241,0,0,6241,6241,0,6241,0,6241,0,6241,0,6241,6241,6241,0,6241,0,6241,0,6241,0,6241,0,6241,0,6241,0,6241,0,6241,0,6240,1,0,6241,6241,6241,0,6241,0,6241,0,6241,0,6090,151,6241,0,0,0,1.095497516,0.293900903,2.843536235,1.45078932,0.00599999959,0,0,0,0,0,0,0,0,0,0,6241,0,0,0,0,0,0
Cup,3000,284,199,2517,3000,0,3000,0,800,2200,2146,854,3000,3000,0,3000,1858,1142,3000,0,3000,0,0,3000,1583,1417,3000,0,3000,0,3000,0,3000,0,0,3000,3000,3000,0,3000,0,3000,0,3000,0,2966,34,0,3000,0,0,0.9996666667,0.01825437543,2.600968644,1.084251859,0.4,0,1100,0,0,1100,0,0,0,0,300,500,0,0,0,0,0,0
Curtains,1900,0,0,1900,1900,0,1900,0,1900,0,1900,0,1900,1900,1900,0,1900,0,1900,0,1900,0,1900,0,1900,0,1900,0,1900,0,1900,0,1900,0,1900,0,1900,1900,0,1900,0,1900,0,1900,0,1756,144,1900,0,0,0,0,0,3.603517633,1.351919538,0,0,0,0,0,0,0,0,0,0,0,0,0,0,0,0,0,0
Desk,3000,0,0,3000,3000,0,3000,0,1240,1760,2701,299,3000,3000,3000,0,3000,0,3000,0,3000,0,3000,0,3000,0,3000,0,3000,0,300,2700,2946,54,3000,0,3000,3000,0,3000,0,3000,0,3000,0,2445,555,0,3000,2.897333333,1.535619166,3.224333333,3.365908677,2.477678187,0.9993259517,30.96666667,10.50867367,0,0,0,0,0,0,0,0,0,300,0,0,0,100,0,2700
DeskLamp,5100,0,0,5100,5100,0,5100,0,5100,0,5100,0,5100,5100,5100,0,5100,0,5100,0,5100,0,5100,0,5100,0,5100,0,5100,0,0,5100,4828,272,5100,0,5100,5100,0,5100,0,0,5100,2349,2751,4942,158,5100,0,0,0,1.024509804,0.2309130532,3.025899891,1.469277623,2.06,0,0,4600,0,0,0,5100,0,0,0,0,0,0,0,0,0,0
Desktop,200,0,0,200,200,0,200,0,0,200,200,0,200,200,200,0,200,0,200,0,200,0,200,0,200,0,200,0,200,0,0,200,183,17,200,0,200,200,0,200,0,0,200,120,80,188,12,200,0,0,0,1,0,2.434975227,1.186558161,2.54,0,0,0,0,0,0,0,0,0,0,200,0,0,0,0,0,0
DiningTable,9700,0,78,9622,9700,0,9700,0,7513,2187,9124,576,9700,9700,9700,0,9700,0,9700,0,9700,0,9700,0,9700,0,9700,0,9700,0,6400,3300,9663,37,9700,0,9700,9700,0,9700,0,9700,0,9700,0,8479,1221,0,9700,2.756185567,5.232574211,0.7732989691,1.602076115,2.573795134,1.117570001,28.91752577,40.27116082,0,300,0,200,0,1100,0,0,0,1700,0,0,0,0,0,1900
DishSponge,3600,0,0,3600,3600,0,3600,0,3600,0,3600,0,3600,3600,3600,0,3600,0,3600,0,3600,0,3600,0,3600,0,3600,0,3600,0,3600,0,3599,1,0,3600,3600,3600,0,3600,0,3600,0,3600,0,3500,100,3600,0,0,0,1.075833333,0.2647312579,2.383515429,1.178476522,0.0299999975,0,0,0,0,0,0,0,0,0,0,0,0,0,3600,0,0,0
DogBed,300,0,0,300,300,0,300,0,300,0,300,0,300,300,300,0,300,0,300,0,300,0,300,0,300,0,300,0,300,0,0,300,299,1,300,0,300,300,0,300,0,300,0,300,0,285,15,0,300,0,0,1,0,3.458685529,1.547995577,0.98,0,0,300,0,0,0,0,0,0,0,0,0,0,0,0,0,0
Drawer,58193,0,0,58193,58193,0,58193,0,57175,1018,57871,322,58193,58193,58193,0,58193,0,58193,0,58193,0,58193,0,58193,0,300,57893,31412,26781,58193,0,57981,212,58193,0,58193,58193,0,58193,0,58193,0,58193,0,54086,4107,0,58193,0.4174900761,0.8547541681,0,0,2.467671713,1.244417816,0,0,0,0,0,0,0,0,0,0,0,0,0,0,0,0,0,0
Dresser,2500,0,0,2500,2500,0,2500,0,1413,1087,2288,212,2500,2500,2500,0,2500,0,2500,0,2500,0,2500,0,2500,0,2500,0,2500,0,100,2400,2468,32,2500,0,2500,2500,0,2500,0,2500,0,2500,0,2239,261,0,2500,2.2608,1.177447816,3.1608,3.120984358,3.056732538,1.400488973,54.72,11.16967323,0,0,0,0,0,400,0,0,0,0,0,0,0,0,0,2400
Dumbbell,490,0,0,490,490,0,490,0,490,0,490,0,490,490,490,0,490,0,490,0,490,0,490,0,490,0,490,0,490,0,490,0,487,3,0,490,490,490,0,490,0,490,0,490,0,466,24,490,0,0,0,0.9959183673,0.06375714021,2.134940415,0.7270218948,4.54,0,0,0,0,0,0,490,0,0,0,0,0,0,0,0,0,0
Egg,3000,825,88,2087,3000,0,3000,0,0,3000,1880,1120,3000,3000,3000,0,3000,0,3000,0,3000,0,3000,0,3000,0,3000,0,3000,0,3000,0,3000,0,0,3000,3000,0,3000,527,2473,3000,0,3000,0,2992,8,3000,0,0,0,0.1906666667,0.4293167699,2.326220363,0.9916736123,0.055,0,0,0,3000,0,0,0,0,0,0,0,0,0,0,0,0,0
EggCracked,3593,1135,221,2237,3593,0,3593,0,3593,0,3593,0,3593,3593,3593,0,3593,0,0,3593,446,3147,3593,0,3593,0,3593,0,3593,0,3593,0,3473,120,0,3593,3593,3593,0,3593,0,3593,0,3593,0,3518,75,3593,0,0,0,1.113832452,0.3210937192,2.322298387,1.032144372,0.055,0,0,0,3593,0,0,0,0,0,0,0,0,0,0,0,0,0
Faucet,9300,0,0,9300,9300,0,9300,0,9300,0,9300,0,9300,9300,9300,0,9300,0,9300,0,9300,0,9300,0,9300,0,9300,0,9300,0,9300,0,9300,0,9300,0,9300,9300,0,9300,0,0,9300,5350,3950,8897,403,9300,0,0,0,0,0,2.226192837,0.8821947104,0,0,0,0,0,0,0,0,0,0,0,0,0,0,0,0,0,0
Floor,11491,1099,0,10392,11491,0,11491,0,11491,0,11491,0,11491,11491,11491,0,11491,0,11491,0,11491,0,11491,0,11491,0,11491,0,11491,0,11491,0,11491,0,11491,0,11491,11491,0,11491,0,11491,0,11491,0,6295,5196,0,11491,8.680445566,5.120551741,0,0,2.637620569,1.366909326,0,0,0,0,0,0,0,0,0,0,0,0,0,0,0,0,0,0
FloorLamp,3100,0,0,3100,3100,0,3100,0,3100,0,3100,0,3100,3100,3100,0,3100,0,3100,0,3100,0,3100,0,3100,0,3100,0,3100,0,0,3100,3096,4,3100,0,3100,3100,0,3100,0,0,3100,1524,1576,2961,139,3100,0,0,0,0.9983870968,0.0401285655,3.864920048,1.635605683,3.93000031,0,0,0,0,0,0,2800,0,0,0,0,0,0,0,0,0,300
Footstool,300,0,0,300,300,0,300,0,300,0,300,0,300,300,300,0,300,0,300,0,300,0,300,0,300,0,300,0,300,0,300,0,300,0,0,300,300,300,0,300,0,300,0,300,0,275,25,0,300,0,0,0.9833333333,0.1280190958,2.02469408,0.7327975591,4,0,0,100,0,0,200,0,0,0,0,0,0,0,0,0,0,300
Fork,3000,0,0,3000,3000,0,3000,0,3000,0,3000,0,3000,3000,3000,0,3000,0,3000,0,3000,0,3000,0,3000,0,3000,0,3000,0,3000,0,3000,0,0,3000,3000,3000,0,3000,0,3000,0,3000,0,2902,98,3000,0,0,0,1.001666667,0.04827582786,2.277873164,1.021715387,0.04,0,0,0,0,0,0,3000,0,0,0,0,0,0,0,0,0,0
Fridge,3000,1446,0,1554,100,2900,3000,0,1331,1669,2424,576,3000,3000,3000,0,3000,0,3000,0,3000,0,3000,0,3000,0,0,3000,1788,1212,3000,0,3000,0,3000,0,3000,3000,0,3000,0,3000,0,3000,0,2452,548,0,3000,9.051,5.9991443,0,0,2.56492243,0.9531350315,0,0,0,0,0,0,0,0,0,0,0,0,0,0,0,0,0,0
GarbageBag,600,0,0,600,600,0,600,0,600,0,600,0,600,600,600,0,600,0,600,0,600,0,600,0,600,0,600,0,600,0,0,600,563,37,600,0,600,600,0,600,0,600,0,600,0,541,59,600,0,0,0,0.84,0.3666060556,2.487379221,1.272019508,3.49999976,0,0,0,0,0,0,0,0,0,0,600,0,0,0,0,0,0
GarbageCan,12000,0,0,12000,12000,0,12000,0,11527,473,11956,44,12000,12000,12000,0,12000,0,12000,0,12000,0,12000,0,12000,0,12000,0,12000,0,0,12000,11781,219,12000,0,12000,12000,0,12000,0,12000,0,12000,0,11129,871,0,12000,0.6061666667,1.402816918,0.9575833333,0.2015378204,2.700574085,1.272086788,0.7,0,0,0,0,0,0,3600,0,0,0,8400,0,0,0,0,0,0
HandTowel,2995,0,0,2995,2995,0,2995,0,2995,0,2995,0,2995,2995,2995,0,2995,0,2995,0,2995,0,2995,0,2995,0,2995,0,2995,0,2995,0,2995,0,0,2995,2995,2995,0,2995,0,2995,0,2995,0,2848,147,2995,0,0,0,1.033388982,0.1796500975,2.093524511,0.6747096794,0.08,0,0,2995,0,0,0,0,0,0,0,0,0,0,0,0,0,0
HandTowelHolder,4500,0,0,4500,4500,0,4500,0,4500,0,4500,0,4500,4500,4500,0,4500,0,4500,0,4500,0,4500,0,4500,0,4500,0,4500,0,4500,0,4500,0,4500,0,4500,4500,0,4500,0,4500,0,4500,0,4330,170,0,4500,0.6666666667,0.4714045208,0,0,2.165265223,0.650818152,0,0,0,0,0,0,0,0,0,0,0,0,0,0,0,0,0,0
HousePlant,5100,0,0,5100,5100,0,5100,0,5100,0,5100,0,5100,5100,0,5100,2715,2385,5100,0,5100,0,5100,0,5100,0,5100,0,5100,0,0,5100,5007,93,5100,0,5100,5100,0,5100,0,5100,0,5100,0,4875,225,5100,0,0,0,0.8221568627,0.3823806425,3.014204921,1.466572369,3,0,5100,0,0,0,0,0,0,5100,0,0,0,0,0,0,0,0
Kettle,1500,0,439,1061,1500,0,1500,0,1500,0,1500,0,1500,1500,0,1500,783,717,1500,0,1500,0,1500,0,1500,0,0,1500,861,639,1500,0,1491,9,0,1500,1500,1500,0,1500,0,1500,0,1500,0,1454,46,1500,0,0,0,0.966,0.6267726861,2.656502909,1.095875773,0.8,0,0,0,0,0,0,1500,0,0,0,1500,0,0,0,0,0,0
KeyChain,5941,0,0,5941,5941,0,5941,0,5941,0,5941,0,5941,5941,5941,0,5941,0,5941,0,5941,0,5941,0,5941,0,5941,0,5941,0,5941,0,5938,3,0,5941,5941,5941,0,5941,0,5941,0,5941,0,5789,152,5941,0,0,0,1.201481232,0.4019450616,2.685462526,1.322059744,0.075,0,0,0,0,0,0,5941,0,0,0,5941,0,0,0,0,0,0
Knife,3000,0,0,3000,3000,0,3000,0,3000,0,3000,0,3000,3000,3000,0,3000,0,3000,0,3000,0,3000,0,3000,0,3000,0,3000,0,3000,0,2995,5,0,3000,3000,3000,0,3000,0,3000,0,3000,0,2899,101,3000,0,0,0,1.028,0.164972725,2.404133434,1.123331329,0.18,0,0,0,0,0,0,3000,0,0,0,3000,0,0,0,0,0,0
Ladle,1100,0,0,1100,1100,0,1100,0,1100,0,1100,0,1100,1100,1100,0,1100,0,1100,0,1100,0,1100,0,1100,0,1100,0,1100,0,1100,0,1090,10,0,1100,1100,1100,0,1100,0,1100,0,1100,0,1058,42,1100,0,0,0,1.069090909,0.2965699226,2.170108895,0.9306887095,0.08,0,0,0,0,0,0,1100,0,0,0,1100,0,0,0,0,0,0
Laptop,6000,0,0,6000,6000,0,6000,0,0,6000,3861,2139,6000,6000,6000,0,6000,0,6000,0,6000,0,6000,0,6000,0,0,6000,2778,3222,6000,0,5873,127,0,6000,6000,6000,0,6000,0,0,6000,3273,2727,5681,319,6000,0,0,0,1.0775,0.2680057524,2.686057152,1.330979542,2.3,0,0,0,0,6000,0,6000,0,0,0,6000,0,0,0,0,0,0
LaundryHamper,800,0,0,800,800,0,800,0,800,0,800,0,800,800,800,0,800,0,800,0,800,0,800,0,800,0,0,800,498,302,0,800,770,30,800,0,800,800,0,800,0,800,0,800,0,765,35,0,800,0,0,0.89375,0.3081573259,3.000693776,1.404850315,1.55,0,0,800,0,0,0,0,0,0,0,0,0,0,0,0,0,0
Lettuce,3000,543,0,2457,3000,0,3000,0,3000,0,3000,0,3000,3000,3000,0,3000,0,3000,0,3000,0,3000,0,3000,0,3000,0,3000,0,3000,0,2971,29,0,3000,3000,0,3000,561,2439,3000,0,3000,0,2991,9,3000,0,0,0,0.193,0.4111986543,2.375368628,1.055087389,0.47,0,0,0,3000,0,0,0,0,0,0,0,0,0,0,0,0,0
LettuceSliced,17950,6012,0,11938,17950,0,17950,0,17950,0,17950,0,17950,17950,17950,0,17950,0,17950,0,17950,0,17950,0,17950,0,17950,0,17950,0,17950,0,17510,440,0,17950,17950,17950,0,17950,0,17950,0,17950,0,17524,426,17950,0,0,0,1.022451253,0.1849417803,2.415908395,1.076410642,0.06392194986,0.06787719931,0,0,17950,0,0,0,0,0,0,0,0,0,0,0,0,0
LightSwitch,14525,0,0,14525,14525,0,14525,0,14525,0,14525,0,14525,14525,14525,0,14525,0,14525,0,14525,0,14525,0,14525,0,14525,0,14525,0,14525,0,14525,0,14525,0,14525,14525,0,14525,0,0,14525,6811,7714,13820,705,14525,0,0,0,0,0,2.454801739,1.26769399,0,0,0,0,0,0,0,0,0,0,0,0,0,0,0,0,0,0
Microwave,3000,0,0,3000,3000,0,0,3000,2203,797,2725,275,3000,3000,3000,0,3000,0,3000,0,3000,0,3000,0,3000,0,0,3000,2046,954,0,3000,2840,160,3000,0,3000,3000,0,3000,0,0,3000,2120,880,2833,167,0,3000,0.7253333333,1.225788816,0.26,0.438634244,2.699263076,1.169997536,6.99999952,0,0,0,0,3000,0,3000,0,0,0,0,0,0,0,0,0,0
Mirror,6525,0,0,6525,6525,0,6525,0,0,6525,6525,0,6525,6525,6525,0,6525,0,6525,0,6525,0,0,6525,3577,2948,6525,0,6525,0,6525,0,6525,0,6525,0,6525,6525,0,6525,0,6525,0,6525,0,5996,529,6525,0,0,0,0,0,2.330562039,1.020461445,0,0,0,0,0,0,0,0,0,0,0,0,0,0,0,0,0,0
Mug,4541,370,1062,3109,4541,0,4541,0,0,4541,4182,359,4541,4541,0,4541,2032,2509,4541,0,4541,0,0,4541,2558,1983,4541,0,4541,0,4541,0,4540,1,0,4541,4541,4541,0,4541,0,4541,0,4541,0,4442,99,0,4541,0,0,1.438229465,0.49616973,2.602113694,1.175764687,1,0,4541,0,0,0,0,0,0,0,0,0,0,0,0,0,0,0
Newspaper,1800,0,0,1800,1800,0,1800,0,1800,0,1800,0,1800,1800,1800,0,1800,0,1800,0,1800,0,1800,0,1800,0,1800,0,1800,0,1800,0,1800,0,0,1800,1800,1800,0,1800,0,1800,0,1800,0,1748,52,1800,0,0,0,1.284444444,0.4511494237,3.103888706,1.563535349,0.2,0,0,0,0,0,0,0,0,0,1800,0,0,0,0,0,0,0
Ottoman,400,0,0,400,400,0,400,0,400,0,400,0,400,400,400,0,400,0,400,0,400,0,400,0,400,0,400,0,400,0,0,400,400,0,400,0,400,400,0,400,0,400,0,400,0,369,31,0,400,0,0,1,0,3.469137733,1.752350589,10,0,0,400,0,0,0,0,0,0,0,0,0,0,0,0,0,200
Painting,7500,0,0,7500,7500,0,7500,0,7500,0,7500,0,7500,7500,7500,0,7500,0,7500,0,7500,0,7500,0,7500,0,7500,0,7500,0,7500,0,7500,0,7500,0,7500,7500,0,7500,0,7500,0,7500,0,7304,196,7500,0,0,0,0,0,3.446142616,1.496750665,0,0,0,0,0,0,0,0,0,0,0,0,0,0,0,0,0,0
Pan,3000,1,1506,1493,3000,0,3000,0,3000,0,3000,0,3000,3000,3000,0,3000,0,3000,0,3000,0,0,3000,1518,1482,3000,0,3000,0,3000,0,2995,5,0,3000,3000,3000,0,3000,0,3000,0,3000,0,2914,86,0,3000,0,0,1.754,0.9606338185,2.457514739,1.050860197,0.67,0,0,0,0,0,0,3000,0,0,0,0,0,0,0,0,0,0
PaperTowelRoll,1400,0,0,1400,1400,0,1400,0,1400,0,1400,0,1400,1400,1400,0,1400,0,1400,0,1400,0,1400,0,1400,0,1400,0,1400,0,1400,0,1398,2,0,1400,1400,1400,0,1400,0,1400,0,1400,0,1328,72,1400,0,0,0,1.169285714,0.3750040816,2.220823923,1.145383625,0.22,0,0,0,0,0,0,0,0,0,1400,0,0,0,0,0,0,0
Pen,3700,0,0,3700,3700,0,3700,0,3700,0,3700,0,3700,3700,3700,0,3700,0,3700,0,3700,0,3700,0,3700,0,3700,0,3700,0,3700,0,3698,2,0,3700,3700,3700,0,3700,0,3700,0,3700,0,3639,61,3700,0,0,0,1.207567568,0.406231231,2.551150207,1.230331886,0.00599999959,0,0,0,0,0,0,3700,0,0,0,3700,0,0,0,0,0,0
Pencil,3600,0,0,3600,3600,0,3600,0,3600,0,3600,0,3600,3600,3600,0,3600,0,3600,0,3600,0,3600,0,3600,0,3600,0,3600,0,3600,0,3599,1,0,3600,3600,3600,0,3600,0,3600,0,3600,0,3552,48,3600,0,0,0,1.201388889,0.4010379088,2.664662821,1.322255873,0.00599999959,0,0,0,0,0,0,0,0,0,0,0,0,0,0,0,0,3600
PepperShaker,3000,0,0,3000,3000,0,3000,0,3000,0,3000,0,3000,3000,3000,0,3000,0,3000,0,3000,0,3000,0,3000,0,3000,0,3000,0,3000,0,3000,0,0,3000,3000,3000,0,3000,0,3000,0,3000,0,2953,47,3000,0,0,0,1,0,2.58196711,1.128408273,0.1666666613,0.04422165503,0,0,0,3000,0,3000,0,0,0,0,0,0,0,0,0,0
Pillow,7200,0,0,7200,7200,0,7200,0,7200,0,7200,0,7200,7200,7200,0,7200,0,7200,0,7200,0,7200,0,7200,0,7200,0,7200,0,7200,0,7194,6,0,7200,7200,7200,0,7200,0,7200,0,7200,0,6980,220,7200,0,0,0,1.096805556,0.3394289583,2.746392154,1.11038262,0.7,0,0,7200,0,0,0,0,0,0,0,0,0,0,0,0,0,0
Plate,4000,155,0,3845,4000,0,4000,0,0,4000,2304,1696,4000,4000,4000,0,4000,0,4000,0,4000,0,0,4000,2217,1783,4000,0,4000,0,4000,0,3998,2,0,4000,4000,4000,0,4000,0,4000,0,4000,0,3949,51,0,4000,0,0,1.1,0.3,2.640599603,1.327690962,0.62,0,4000,0,0,0,0,0,0,0,0,0,0,0,0,0,0,0
Plunger,3000,0,0,3000,3000,0,3000,0,3000,0,3000,0,3000,3000,3000,0,3000,0,3000,0,3000,0,3000,0,3000,0,3000,0,3000,0,3000,0,2986,14,0,3000,3000,3000,0,3000,0,3000,0,3000,0,2896,104,3000,0,0,0,0.945,0.2279802623,2.238808095,0.6783364447,1,0,0,0,0,0,0,0,0,0,0,0,3000,0,0,0,0,3000
Poster,1000,0,0,1000,1000,0,1000,0,1000,0,1000,0,1000,1000,1000,0,1000,0,1000,0,1000,0,1000,0,1000,0,1000,0,1000,0,1000,0,1000,0,1000,0,1000,1000,0,1000,0,1000,0,1000,0,976,24,1000,0,0,0,0,0,2.695183667,0.8954571439,0,0,0,0,0,0,0,0,0,0,0,0,0,0,0,0,0,0
Pot,3000,100,1177,1723,3000,0,3000,0,3000,0,3000,0,3000,3000,0,3000,1769,1231,3000,0,3000,0,0,3000,1601,1399,3000,0,3000,0,3000,0,2997,3,0,3000,3000,3000,0,3000,0,3000,0,3000,0,2868,132,0,3000,0.02533333333,0.1571354688,1.534333333,0.6604199842,2.437093962,1.165001797,0.57,0,0,0,0,0,0,3000,0,0,0,0,0,0,0,0,0,0
Potato,3000,515,2,2483,3000,0,3000,0,3000,0,3000,0,3000,3000,3000,0,3000,0,0,3000,508,2492,3000,0,3000,0,3000,0,3000,0,3000,0,2995,5,0,3000,3000,0,3000,495,2505,3000,0,3000,0,2955,45,3000,0,0,0,0.173,0.3988370595,2.420487352,1.142557606,0.18,0,0,0,3000,0,0,0,0,0,0,0,0,0,0,0,0,0
PotatoSliced,18984,7170,9,11805,18984,0,18984,0,18984,0,18984,0,18984,18984,18984,0,18984,0,0,18984,1993,16991,18984,0,18984,0,18984,0,18984,0,18984,0,18302,682,0,18984,18984,18984,0,18984,0,18984,0,18984,0,18735,249,18984,0,0,0,1.10308681,0.3572778273,2.534701884,1.194695221,0.02378095238,0.02593846343,0,0,18984,0,0,0,0,0,0,0,0,0,0,0,0,0
RemoteControl,3300,0,0,3300,3300,0,3300,0,3300,0,3300,0,3300,3300,3300,0,3300,0,3300,0,3300,0,3300,0,3300,0,3300,0,3300,0,3300,0,3298,2,0,3300,3300,3300,0,3300,0,3300,0,3300,0,3198,102,3300,0,0,0,1.213939394,0.4100845397,3.024484735,1.526227731,0.15,0,0,0,0,0,0,3300,0,0,0,3300,0,0,0,0,0,0
RoomDecor,900,0,0,900,900,0,900,0,900,0,900,0,900,900,900,0,900,0,900,0,900,0,900,0,900,0,900,0,900,0,0,900,900,0,900,0,900,900,0,900,0,900,0,900,0,887,13,900,0,0,0,1,0,4.280546772,1.632145685,2.72,0,900,0,0,0,0,0,0,900,0,0,0,0,0,0,0,0
Safe,800,0,0,800,800,0,800,0,339,461,607,193,800,800,800,0,800,0,800,0,800,0,800,0,800,0,0,800,503,297,0,800,765,35,800,0,800,800,0,800,0,800,0,800,0,781,19,0,800,0.9725,0.845129428,0.595,0.5009740512,3.389524844,1.432434266,10,0,0,0,0,0,0,800,0,0,0,0,0,0,0,0,0,0
SaltShaker,3000,0,0,3000,3000,0,3000,0,3000,0,3000,0,3000,3000,3000,0,3000,0,3000,0,3000,0,3000,0,3000,0,3000,0,3000,0,3000,0,3000,0,0,3000,3000,3000,0,3000,0,3000,0,3000,0,2954,46,3000,0,0,0,1.017,0.1292710331,2.573527415,1.191865975,0.4533333333,0.08844332774,0,0,0,3000,0,3000,0,0,0,0,0,0,0,0,0,0
ScrubBrush,3000,0,0,3000,3000,0,3000,0,3000,0,3000,0,3000,3000,3000,0,3000,0,3000,0,3000,0,3000,0,3000,0,3000,0,3000,0,3000,0,2986,14,0,3000,3000,3000,0,3000,0,3000,0,3000,0,2868,132,3000,0,0,0,0.945,0.2279802623,2.19139855,0.6902034501,0.19,0,0,0,0,0,0,0,0,0,0,3000,0,0,0,0,0,0
Shelf,36241,0,0,36241,36241,0,36241,0,32789,3452,35798,443,36241,36241,36241,0,36241,0,36241,0,36241,0,36241,0,36241,0,36241,0,36241,0,36241,0,36241,0,36241,0,36241,36241,0,36241,0,36241,0,36241,0,34344,1897,0,36241,0.8669186833,1.188146677,0,0,2.57511247,1.199430057,0,0,0,0,0,0,0,0,0,0,0,0,0,0,0,0,0,0
ShelvingUnit,1900,0,0,1900,1900,0,1900,0,901,999,1723,177,1900,1900,1900,0,1900,0,1900,0,1900,0,1900,0,1900,0,1900,0,1900,0,100,1800,1885,15,1900,0,1900,1900,0,1900,0,1900,0,1900,0,1737,163,1800,100,0.08631578947,0.3824052759,4.205263158,2.336433108,3.159776128,1.453978888,20.73684211,4.908018201,0,0,0,0,0,200,0,0,100,0,0,0,0,0,0,1800
ShowerCurtain,1300,0,0,1300,1300,0,1300,0,1300,0,1300,0,1300,1300,1300,0,1300,0,1300,0,1300,0,1300,0,1300,0,0,1300,869,431,1300,0,1300,0,1300,0,1300,1300,0,1300,0,1300,0,1300,0,1087,213,1300,0,0,0,0,0,2.282344704,0.7159366943,0,0,0,0,0,0,0,0,0,0,0,0,0,0,0,0,0,0
ShowerDoor,1603,0,0,1603,1603,0,1603,0,0,1603,1603,0,1603,1603,1603,0,1603,0,1603,0,1603,0,1603,0,1603,0,0,1603,844,759,1603,0,1603,0,1603,0,1603,1603,0,1603,0,1603,0,1603,0,1269,334,1603,0,0,0,0,0,1.860047477,0.7985217054,0,0,0,0,0,0,0,0,0,0,0,0,0,0,0,0,0,0
ShowerGlass,1283,0,0,1283,1283,0,1283,0,0,1283,1283,0,1283,1283,1283,0,1283,0,1283,0,1283,0,1283,0,1283,0,1283,0,1283,0,1283,0,1283,0,1283,0,1283,1283,0,1283,0,1283,0,1283,0,986,297,1283,0,0,0,0,0,2.183890329,0.8856078711,0,0,0,0,0,0,0,0,0,0,0,0,0,0,0,0,0,0
ShowerHead,2500,0,0,2500,2500,0,2500,0,2500,0,2500,0,2500,2500,2500,0,2500,0,2500,0,2500,0,2500,0,2500,0,2500,0,2500,0,2500,0,2500,0,2500,0,2500,2500,0,2500,0,0,2500,1383,1117,2452,48,2500,0,0,0,0,0,2.521797955,0.7846325739,0,0,0,0,0,0,0,0,0,0,0,0,0,0,0,0,0,0
SideTable,9500,0,0,9500,9500,0,9500,0,7788,1712,9132,368,9500,9500,9500,0,9500,0,9500,0,9500,0,9500,0,9500,0,9500,0,9500,0,200,9300,9309,191,9500,0,9500,9500,0,9500,0,9500,0,9500,0,8957,543,0,9500,1.621157895,1.410171593,1.114,0.5541743978,3.235695756,1.479601578,10.76842105,1.579157881,0,0,0,300,0,3800,0,0,0,200,0,0,0,0,0,7200
Sink,7400,0,0,7400,7400,0,7400,0,6410,990,7068,332,7400,7400,7400,0,7400,0,7400,0,7400,0,7400,0,7400,0,7400,0,7400,0,7400,0,7400,0,7400,0,7400,7400,0,7400,0,7400,0,7400,0,6663,737,5400,2000,0.6558108108,2.320599589,0,0,2.049764143,0.9040028761,0,0,0,0,0,0,0,0,0,0,0,0,0,0,0,0,0,0
SinkBasin,7500,0,0,7500,7500,0,7500,0,7500,0,7500,0,7500,7500,7500,0,7500,0,7500,0,7500,0,7500,0,7500,0,7500,0,7500,0,7500,0,7500,0,7500,0,7500,7500,0,7500,0,7500,0,7500,0,6905,595,0,7500,1.404266667,2.586690639,0,0,1.995166561,0.9081607116,0,0,0,0,0,0,0,0,0,0,0,0,0,0,0,0,0,0
SoapBar,3000,0,0,3000,3000,0,3000,0,3000,0,3000,0,3000,3000,3000,0,3000,0,3000,0,3000,0,3000,0,3000,0,3000,0,3000,0,3000,0,2998,2,0,3000,3000,3000,0,3000,0,3000,0,3000,0,2921,79,3000,0,0,0,1.162333333,0.3687563182,2.045616067,0.7731511717,0.11,0,0,0,0,0,0,0,0,0,0,0,0,3000,0,0,0,0
SoapBottle,5900,0,0,5900,5900,0,5900,0,5900,0,5900,0,5900,5900,5900,0,5900,0,5900,0,5900,0,5900,0,5900,0,5900,0,5900,0,5900,0,5892,8,0,5900,5900,5900,0,5900,0,5900,0,5900,0,5714,186,5900,0,0,0,1.177457627,0.4421062577,2.247436632,1.030803211,0.4,0,0,0,0,3900,0,3900,0,0,0,2000,0,0,0,0,0,0
Sofa,3800,0,0,3800,3800,0,3800,0,3282,518,3612,188,3800,3800,3800,0,3800,0,3800,0,3800,0,3800,0,3800,0,3800,0,3800,0,100,3700,3799,1,3800,0,3800,3800,0,3800,0,3800,0,3800,0,3324,476,0,3800,1.436842105,1.053170914,1.051315789,0.3224060128,3.096243912,1.216718115,101.2631501,16.64755933,0,3600,0,0,100,0,0,0,0,0,0,0,0,0,0,100
Spatula,3000,0,5,2995,3000,0,3000,0,3000,0,3000,0,3000,3000,3000,0,3000,0,3000,0,3000,0,3000,0,3000,0,3000,0,3000,0,3000,0,2992,8,0,3000,3000,3000,0,3000,0,3000,0,3000,0,2912,88,3000,0,0,0,1.053333333,0.2813459713,2.355627269,1.079135844,0.065,0,0,0,0,0,0,3000,0,0,0,3000,0,0,0,0,0,0
Spoon,3000,0,0,3000,3000,0,3000,0,3000,0,3000,0,3000,3000,3000,0,3000,0,3000,0,3000,0,3000,0,3000,0,3000,0,3000,0,3000,0,3000,0,0,3000,3000,3000,0,3000,0,3000,0,3000,0,2925,75,3000,0,0,0,1.014666667,0.1256379277,2.306162352,1.087700382,0.04,0,0,0,0,0,0,3000,0,0,0,0,0,0,0,0,0,0
SprayBottle,3200,0,0,3200,3200,0,3200,0,3200,0,3200,0,3200,3200,3200,0,3200,0,3200,0,3200,0,3200,0,3200,0,3200,0,3200,0,3200,0,3192,8,0,3200,3200,3200,0,3200,0,3200,0,3200,0,3055,145,3200,0,0,0,1.2740625,0.4467406922,1.926831461,0.7276649158,0.11,0,0,0,0,0,0,0,0,0,0,3200,0,0,0,0,0,0
Statue,6300,0,0,6300,6300,0,6300,0,0,6300,5686,614,6300,6300,6300,0,6300,0,6300,0,6300,0,6300,0,6300,0,6300,0,6300,0,6300,0,6266,34,0,6300,6300,6300,0,6300,0,6300,0,6300,0,6134,166,6300,0,0,0,1.063015873,0.3766988394,3.070154711,1.473203621,1,0,0,0,0,0,0,3700,0,0,0,0,0,0,0,2600,0,0
Stool,2300,0,0,2300,2300,0,2300,0,2300,0,2300,0,2300,2300,2300,0,2300,0,2300,0,2300,0,2300,0,2300,0,2300,0,2300,0,0,2300,2261,39,2300,0,2300,2300,0,2300,0,2300,0,2300,0,2081,219,0,2300,0.2173913043,0.6565073422,0.9556521739,0.2058666957,2.435870137,1.123501802,3.18,0,0,0,0,0,0,200,0,0,0,100,0,0,0,0,0,2000
StoveBurner,12300,0,9960,2340,12300,0,0,12300,12300,0,12300,0,12300,12300,12300,0,12300,0,12300,0,12300,0,12300,0,12300,0,12300,0,12300,0,12300,0,12300,0,12300,0,12300,12300,0,12300,0,12300,0,12300,0,11910,390,0,12300,0.4731707317,0.5091157919,0,0,2.52624105,1.135665555,0,0,0,0,0,0,0,0,0,0,0,0,0,0,0,0,0,0
StoveKnob,12213,0,0,12213,12213,0,12213,0,12213,0,12213,0,12213,12213,12213,0,12213,0,12213,0,12213,0,12213,0,12213,0,12213,0,12213,0,12213,0,12213,0,12213,0,12213,12213,0,12213,0,0,12213,6550,5663,11925,288,12213,0,0,0,0,0,2.479346156,1.110416361,0,0,0,0,0,0,0,0,0,0,0,0,0,0,0,0,0,0
TVStand,1400,0,0,1400,1400,0,1400,0,500,900,1400,0,1400,1400,1400,0,1400,0,1400,0,1400,0,1400,0,1400,0,1400,0,1400,0,0,1400,1394,6,1400,0,1400,1400,0,1400,0,1400,0,1400,0,1267,133,0,1400,2.175,1.342738407,2.829285714,1.687390057,3.171122081,1.447666392,11,0,0,0,0,200,0,700,0,0,0,100,0,0,0,0,0,1200
TableTopDecor,100,0,0,100,100,0,100,0,100,0,100,0,100,100,100,0,100,0,100,0,100,0,100,0,100,0,100,0,100,0,100,0,99,1,0,100,100,100,0,100,0,100,0,100,0,97,3,100,0,0,0,1,0,2.395182498,0.6989749085,5.4,0,0,0,0,100,0,0,0,0,0,0,0,0,0,0,0,0
TeddyBear,1000,0,0,1000,1000,0,1000,0,1000,0,1000,0,1000,1000,1000,0,1000,0,1000,0,1000,0,1000,0,1000,0,1000,0,1000,0,1000,0,979,21,0,1000,1000,1000,0,1000,0,1000,0,1000,0,969,31,1000,0,0,0,0.918,0.2743647208,2.56720755,1.001052,0.9,0,0,1000,0,0,0,0,0,0,0,0,0,0,0,0,0,0
Television,3300,0,0,3300,3300,0,3300,0,0,3300,3300,0,3300,3300,3300,0,3300,0,3300,0,3300,0,3300,0,3300,0,3300,0,3300,0,800,2500,3271,29,3300,0,3300,3300,0,3300,0,0,3300,1653,1647,3096,204,3300,0,0,0,0.7575757576,0.4942274676,3.318840049,1.638974717,7.446969697,4.212642218,0,0,0,0,0,1200,0,0,0,2500,0,0,0,0,0,0
TennisRacket,1000,0,0,1000,1000,0,1000,0,1000,0,1000,0,1000,1000,1000,0,1000,0,1000,0,1000,0,1000,0,1000,0,1000,0,1000,0,1000,0,967,33,0,1000,1000,1000,0,1000,0,1000,0,1000,0,970,30,1000,0,0,0,0.899,0.3013287242,2.628827885,1.088170195,0.31,0,0,0,0,0,0,1000,0,0,0,1000,0,0,0,0,0,0
TissueBox,2197,0,0,2197,2197,0,2197,0,2197,0,2197,0,2197,2197,2197,0,2197,0,2197,0,2197,0,2197,0,2197,0,2197,0,2197,0,2197,0,2175,22,0,2197,2197,2197,0,2197,0,2197,0,2197,0,2097,100,2197,0,0,0,1.113791534,0.3246454714,2.427731017,1.369215469,0.35,0,0,0,0,0,0,0,0,0,2197,0,0,0,0,0,0,0
Toaster,3000,0,0,3000,3000,0,0,3000,3000,0,3000,0,3000,3000,3000,0,3000,0,3000,0,3000,0,3000,0,3000,0,3000,0,3000,0,0,3000,2999,1,3000,0,3000,3000,0,3000,0,0,3000,1694,1306,2903,97,0,3000,0,0,0.98,0.14,2.61638734,1.086468652,5,0,0,0,0,0,0,3000,0,0,0,0,0,0,0,0,0,0
Toilet,3000,0,0,3000,3000,0,3000,0,3000,0,3000,0,3000,3000,3000,0,3000,0,3000,0,3000,0,3000,0,3000,0,0,3000,1636,1364,3000,0,3000,0,3000,0,3000,3000,0,3000,0,3000,0,3000,0,2509,491,0,3000,1.573333333,0.8567120611,0,0,1.963824284,0.6217954616,0,0,0,0,0,0,0,0,0,0,0,0,0,0,0,0,0,0
ToiletPaper,5969,0,0,5969,5969,0,5969,0,5969,0,5969,0,5969,5969,5969,0,5969,0,5969,0,5969,0,5969,0,5969,0,5969,0,5969,0,5969,0,5943,26,0,5969,5969,5969,0,5969,0,5969,0,5969,0,5767,202,5969,0,0,0,1.119450494,0.3750985346,1.898984545,0.7143977773,0.2,0,0,0,0,0,0,0,0,0,5969,0,0,0,0,0,0,0
ToiletPaperHanger,3000,0,0,3000,3000,0,3000,0,3000,0,3000,0,3000,3000,3000,0,3000,0,3000,0,3000,0,3000,0,3000,0,3000,0,3000,0,3000,0,3000,0,3000,0,3000,3000,0,3000,0,3000,0,3000,0,2795,205,0,3000,0.473,0.4992704678,0,0,1.867786078,0.746003183,0,0,0,0,0,0,0,0,0,0,0,0,0,0,0,0,0,0
Tomato,3000,664,0,2336,3000,0,3000,0,3000,0,3000,0,3000,3000,3000,0,3000,0,3000,0,3000,0,3000,0,3000,0,3000,0,3000,0,3000,0,3000,0,0,3000,3000,0,3000,528,2472,3000,0,3000,0,2946,54,3000,0,0,0,0.1763333333,0.3819771663,2.315284533,1.037880229,0.11999999,0,0,0,3000,0,0,0,0,0,0,0,0,0,0,0,0,0
TomatoSliced,17304,7931,0,9373,17304,0,17304,0,17304,0,17304,0,17304,17304,17304,0,17304,0,17304,0,17304,0,17304,0,17304,0,17304,0,17304,0,17304,0,17033,271,0,17304,17304,17304,0,17304,0,17304,0,17304,0,17012,292,17304,0,0,0,1.004334258,0.07924856969,2.371706727,1.059380073,0.01714285641,0.01749635352,0,0,17304,0,0,0,0,0,0,0,0,0,0,0,0,0
Towel,3000,0,0,3000,3000,0,3000,0,3000,0,3000,0,3000,3000,3000,0,3000,0,3000,0,3000,0,3000,0,3000,0,3000,0,3000,0,3000,0,3000,0,0,3000,3000,3000,0,3000,0,3000,0,3000,0,2803,197,3000,0,0,0,1.033333333,0.1795054936,2.145550515,0.8233321765,0.613,0.129,0,3000,0,0,0,0,0,0,0,0,0,0,0,0,0,0
TowelHolder,3800,0,0,3800,3800,0,3800,0,3800,0,3800,0,3800,3800,3800,0,3800,0,3800,0,3800,0,3800,0,3800,0,3800,0,3800,0,3800,0,3800,0,3800,0,3800,3800,0,3800,0,3800,0,3800,0,3596,204,0,3800,0.7894736842,0.4076824575,0,0,2.221905695,0.8207653658,0,0,0,0,0,0,0,0,0,0,0,0,0,0,0,0,0,0
VacuumCleaner,100,0,0,100,100,0,100,0,100,0,100,0,100,100,100,0,100,0,100,0,100,0,100,0,100,0,100,0,100,0,0,100,100,0,100,0,100,100,0,100,0,100,0,100,0,96,4,100,0,0,0,1,0,3.489760277,1.158671055,6.8,0,0,0,0,100,0,100,0,0,0,100,100,0,0,0,0,0
Vase,6700,0,0,6700,6700,0,6700,0,0,6700,4658,2042,6700,6700,6700,0,6700,0,6700,0,6700,0,6700,0,6700,0,6700,0,6700,0,6700,0,6690,10,0,6700,6700,6700,0,6700,0,6700,0,6700,0,6588,112,6700,0,0,0,1.183880597,0.4898155462,2.972660785,1.401076494,1,0,3400,0,0,2300,0,1000,0,0,0,0,0,0,0,0,0,0
Watch,1800,0,0,1800,1800,0,1800,0,1800,0,1800,0,1800,1800,1800,0,1800,0,1800,0,1800,0,1800,0,1800,0,1800,0,1800,0,1800,0,1799,1,0,1800,1800,1800,0,1800,0,1800,0,1800,0,1759,41,1800,0,0,0,1.333333333,0.4714045208,3.031792086,1.597663155,0.07,0,0,0,0,1800,0,1800,0,0,0,1800,0,0,0,0,0,0
WateringCan,1300,0,0,1300,1300,0,1300,0,1300,0,1300,0,1300,1300,0,1300,637,663,1300,0,1300,0,1300,0,1300,0,1300,0,1300,0,1300,0,1300,0,0,1300,1300,1300,0,1300,0,1300,0,1300,0,1280,20,1300,0,0,0,1.153846154,0.3608012123,3.827676115,1.740391352,1,0,0,0,0,0,0,0,0,0,0,1300,0,0,0,0,0,0
Window,17757,0,0,17757,17757,0,17757,0,300,17457,17757,0,17757,17757,17757,0,17757,0,17757,0,17757,0,17757,0,17757,0,17757,0,17757,0,17757,0,17757,0,17757,0,17757,17757,0,17757,0,17757,0,17757,0,17063,694,17757,0,0,0,0,0,3.260976336,1.467949567,0,0,0,0,0,0,0,0,0,0,0,0,0,0,0,0,0,0
WineBottle,1000,18,0,982,1000,0,1000,0,0,1000,822,178,1000,1000,0,1000,443,557,1000,0,1000,0,1000,0,1000,0,1000,0,1000,0,1000,0,998,2,0,1000,1000,1000,0,1000,0,1000,0,1000,0,996,4,1000,0,0,0,0.984,0.1254750971,2.744863835,1.155101861,1.2,0,0,0,0,1000,0,0,0,0,0,0,0,0,0,0,0,0